,total_bill,tip,size,sexFactor,smokerFactor,dayFactor,timeFactor
total_bill,1.0,0.6757341092113642,0.5983151309049025,0.14487733703816522,0.08572125732284781,-0.1753119687944816,-0.1831176053365145
tip,0.6757341092113642,1.0,0.48929877523035775,0.08886206109073633,0.005928539527806635,-0.13894711856743439,-0.12162906226028644
size,0.5983151309049025,0.48929877523035775,1.0,0.0861948153825245,-0.13317824602877762,-0.21175020728504787,-0.10341090969324017
sexFactor,0.14487733703816522,0.08886206109073633,0.0861948153825245,1.0,0.00281595173369625,-0.21537409198654678,-0.2052312961334448
smokerFactor,0.08572125732284781,0.005928539527806635,-0.13317824602877762,0.00281595173369625,1.0,0.1708184461389989,-0.0549211035957069
dayFactor,-0.1753119687944816,-0.13894711856743439,-0.21175020728504787,-0.21537409198654678,0.1708184461389989,1.0,0.6704703620174365
timeFactor,-0.1831176053365145,-0.12162906226028644,-0.10341090969324017,-0.2052312961334448,-0.0549211035957069,0.6704703620174365,1.0
